﻿{"cameraMode":{"drawMode":0,"name":"Shaded","section":"Shading Mode"},"sceneLighting":true,"audioPlay":false,"sceneViewState":{"showFog":true,"showMaterialUpdate":false,"showSkybox":true,"showFlares":true,"showImageEffects":true,"showParticleSystems":true},"in2DMode":false,"pivot":{"x":11.317134857177735,"y":0.9539713859558106,"z":-10.238197326660157},"rotation":{"x":-0.12731900811195374,"y":-0.046998530626297,"z":0.006039661355316639,"w":-0.9907336831092835},"size":31.549102783203126,"orthographic":false}